"Qty";"Value";"Device";"Package";"Parts";"Description";"CAPACITANCE";"COLOR";"CURRENT";"DKPN";"FUSE_TYPE";"I2T";"MANUFACTURER";"MOPN";"MPN";"POWER";"RESET_VOLTAGE";"RESISTANCE";"SIGNAL";"TEENSY";"TIMEOUT";"TOLERANCE";"VOLTAGE";"VOLTAGE_CONTINUOUS";"VOLTAGE_MAX";
"1";"ADG1423";"ADG1423";"MSOP-10";"U27";"ADG1423 Form-A/Form-C Analog Switch";"";"";"";"ADG1423BRMZ-REEL7CT-ND";"";"";"Analog Devices Inc.";"584-ADG1423BRMZ";"ADG1423BRMZ";"";"";"";"";"";"";"";"";"";"";
"1";"ADM8316WBX30";"ADM8316WBX30";"SOT-23-5";"U21";"ADM8316 Watchdog";"";"";"";"ADM8316WBX30ARJZR7TR-ND";"";"";"Analog Devices Inc.";"584-M8316WBX30ARJZR7";"ADM8316WBX30ARJZR7";"";"3V";"";"";"";"102ms";"";"";"";"";
"27";"CAPACITOR_0603_10V_0.1UF";"CAPACITOR_0603_10V_0.1UF";"0603-CAP";"C10, C11, C14, C15, C19, C20, C22, C23, C24, C25, C30, C31, C33, C34, C35, C37, C38, C39, C40, C41, C42, C45, C46, C48, C49, C50, C53";"Capacitor, Non-Polarized";"0.1µF";"";"";"720-1688-1-ND";"";"";"Vishay Vitramon";"77-VJ0603Y104JXQPBC";"VJ0603Y104JXQPW1BC";"";"";"";"";"";"";"5%";"10V";"";"";
"5";"CAPACITOR_0603_10V_10NF";"CAPACITOR_0603_10V_10NF";"0603-CAP";"C7, C13, C17, C52, C54";"Capacitor, Non-Polarized";"10nF";"";"";"311-4054-1-ND";"";"";"Yageo";"603-CC603KRX7R6BB103";"CC0603KRX7R6BB103";"";"";"";"";"";"";"10%";"10V";"";"";
"3";"CAPACITOR_0603_10V_1UF";"CAPACITOR_0603_10V_1UF";"0603-CAP";"C6, C9, C18";"Capacitor, Non-Polarized";"1µF";"";"";"311-1796-1-ND";"";"";"Yageo";"603-CC603KRX7R6BB105";"CC0603KRX7R6BB105";"";"";"";"";"";"";"10%";"10V";"";"";
"2";"CAPACITOR_0603_10V_4.7NF";"CAPACITOR_0603_10V_4.7NF";"0603-CAP";"C12, C21";"Capacitor, Non-Polarized";"4.7nF";"";"";"732-7931-1-ND";"";"";"Würth Elektronik";"710-885012206012";"885012206012";"";"";"";"";"";"";"10%";"10V";"";"";
"2";"CAPACITOR_0603_10V_4.7UF";"CAPACITOR_0603_10V_4.7UF";"0603-CAP";"C5, C28";"Capacitor, Non-Polarized";"4.7µF";"";"";"1276-1044-1-ND";"";"";"Samsung Electro-Mechanics";"187-CL10A475KP8NNNC";"CL10A475KP8NNNC";"";"";"";"";"";"";"10%";"10V";"";"";
"4";"CAPACITOR_0603_10V_680PF";"CAPACITOR_0603_10V_680PF";"0603-CAP";"C32, C36, C47, C51";"Capacitor, Non-Polarized";"680pF";"";"";"732-7757-1-ND";"";"";"Würth Elektronik";"710-885012006013";"885012006013";"";"";"";"";"";"";"5%";"10V";"";"";
"3";"CAPACITOR_0603_25V_0.1UF";"CAPACITOR_0603_25V_0.1UF";"0603-CAP";"C26, C29, C44";"Capacitor, Non-Polarized";"0.1µF";"";"";"1276-1006-1-ND";"";"";"Samsung Electro-Mechanics";"187-CL10B104KA8NNNC";"CL10B104KA8NNNC";"";"";"";"";"";"";"10%";"25V";"";"";
"1";"CAPACITOR_0603_25V_10UF";"CAPACITOR_0603_25V_10UF";"0603-CAP";"C4";"Capacitor, Non-Polarized";"10µF";"";"";"490-7202-1-ND";"";"";"Murata Electronics";"81-GRM188R61E106MA3D";"GRM188R61E106MA73D";"";"";"";"";"";"";"20%";"25V";"";"";
"2";"CAPACITOR_0603_25V_1UF";"CAPACITOR_0603_25V_1UF";"0603-CAP";"C27, C43";"Capacitor, Non-Polarized";"1µF";"";"";"1276-1184-1-ND";"";"";"Samsung Electro-Mechanics";"187-CL10B105KA8NNNC";"CL10B105KA8NNNC";"";"";"";"";"";"";"10%";"25V";"";"";
"2";"CAPACITOR_0603_50V_0.1UF";"CAPACITOR_0603_50V_0.1UF";"0603-CAP";"C8, C16";"Capacitor, Non-Polarized";"0.1µF";"";"";"311-1344-1-ND";"";"";"Yageo";"603-CC603KRX7R9BB104";"CC0603KRX7R9BB104";"";"";"";"";"";"";"10%";"50V";"";"";
"3";"CAPACITOR_0805_50V_10UF";"CAPACITOR_0805_50V_10UF";"0805-CAP";"C1, C2, C3";"Capacitor, Non-Polarized";"10uF";"";"";"490-18663-2-ND";"";"";"Murata";"81-GRM21BR61H106KE3L";" GRM21BR61H106KE43L";"";"";"";"";"";"";"10%";"50V";"";"";
"1";"CONNECTOR-12_MF_T_V_";"CONNECTOR-12_MF_T_V_";"MOLEX_MICROFIT_PTH_VERTICAL_12_DUAL";"J1";"12 pin connector";"";"";"";"WM1800-ND";"";"";"MOLEX";"538-43045-1214";"430451214";"";"";"";"";"";"";"";"";"";"";
"1";"CONNECTOR-14_MF_T_V_";"CONNECTOR-14_MF_T_V_";"MOLEX_MICROFIT_PTH_VERTICAL_14_DUAL";"J6";"14 pin connector";"";"";"";"WM4717-ND";"";"";"MOLEX";"538-43045-1414 ";"430451414";"";"";"";"";"";"";"";"";"";"";
"2";"CONNECTOR-2_MF_T_V_";"CONNECTOR-2_MF_T_V_";"MOLEX_MICROFIT_PTH_VERTICAL_02_SINGLE";"J4, J9";"2 Pin Connector";"";"";"";"";"";"";"MOLEX";"";"436500217";"";"";"";"";"";"";"";"";"";"";
"1";"CONNECTOR-4_μF_T_V_BLACK";"CONNECTOR-4_μF_T_V_BLACK";"MOLEX_MICROFIT_PTH_VERTICAL_04_DUAL";"J3";"4 Pin Connector";"";"";"";"2266-43045-0414-ND";"";"";"Molex";"538-43045-0414";"430450414";"";"";"";"";"";"";"";"";"";"";
"1";"CONNECTOR-6_μF_T_V_BLACK";"CONNECTOR-6_μF_T_V_BLACK";"MOLEX_MICROFIT_PTH_VERTICAL_06_DUAL";"J2";"6 Pin Connector";"";"";"";"WM1797-ND";"";"";"Molex";"538-43045-0614";"430450614";"";"";"";"";"";"";"";"";"";"";
"1";"CONNECTOR-8_μF_T_V_BLACK";"CONNECTOR-8_μF_T_V_BLACK";"MOLEX_MICROFIT_PTH_VERTICAL_08_DUAL";"J5";"8 Pin Connector";"";"";"";"WM1798-ND";"";"";"Molex";"538-43045-0814";"430450814";"";"";"";"";"";"";"";"";"";"";
"2";"FUSE_0603_.75A";"FUSE_0603_.75A";"0603-FUSE";"F1, F2";"Fuse";"";"";"0.75A";"507-2159-2-ND";"";"0.0013";"Bel Fuse";"530-0686F0750-01";"0686F0750-01";"";"";"";"";"";"";"";"63V";"";"";
"1";"FUSE_HOLDER_MINIBLADEPTH";"FUSE_HOLDER_MINIBLADEPTH";"3568";"XF1";"Fuse Holder";"";"";"";"36-3568-ND";"MINI 297";"";"Keystone";"534-3568";"3568";"";"";"";"";"";"";"";"";"";"";
"2";"JUMPER__1X02";"JUMPER__1X02";"1X02";"J7, J8";"2 Pin Connector";"";"";"";"S1011EC-02-ND";"";"";"Sullins Connector Solutions";"";"PRPC002SAAN-RC";"";"";"";"";"";"";"";"";"";"";
"2";"LED_0603_BLUE";"LED_0603_BLUE";"0603-LED";"5V, WATCHDOG";"LED";"";"Blue";"";"754-1789-1-ND";"";"";"Kingbright";"604-APT1608VBC/D";"APT1608VBC/D";"";"";"";"";"";"";"";"";"";"";
"3";"LED_0603_GREEN";"LED_0603_GREEN";"0603-LED";"3.3V, AMS_OK, TSAL_GREEN";"LED";"";"Green";"";"754-1790-1-ND";"";"";"Kingbright";"604-APT1608ZGCK";"APT1608ZGCK";"";"";"";"";"";"";"";"";"";"";
"2";"LED_0603_ORANGE";"LED_0603_ORANGE";"0603-LED";"24V, IMD_OK";"LED";"";"Orange";"";"754-1120-1-ND";"";"";"Kingbright";"604-APT1608SECK";"APT1608SECK";"";"";"";"";"";"";"";"";"";"";
"4";"LED_0603_RED";"LED_0603_RED";"0603-LED";"12V, PRECHARGE_OK, TEENSY_OK, TSAL_RED";"LED";"";"Red";"";"754-1786-1-ND";"";"";"Kingbright";"604-APT1608SECKJ3PRV";"APT1608SECK/J3-PRV";"";"";"";"";"";"";"";"";"";"";
"1";"LED_0603_YELLOW";"LED_0603_YELLOW";"0603-LED";"OKHS";"LED";"";"Yellow";"";"754-1788-1-ND";"";"";"Kingbright";"604-APT1608SYCK/J3-PRV";"APT1608SYCK/J3-PRV";"";"";"";"";"";"";"";"";"";"";
"1";"LM555";"LM555";"SOIC-08(NARROW,0.15")";"U15";"**555 Precision Timer";"";"";"";"LM555CMX/NOPBCT-ND";"";"";"Texas Instruments";"926-LM555CMX/NOPB";"LM555CMX/NOPB";"";"";"";"";"";"";"";"";"";"";
"3";"LOGICGATE_AND_DCK3";"LOGICGATE_AND_DCK3";"SC-70-5";"U23, U24, U25";"AND Gate";"";"";"";"296-SN74LVC1G08DCK3TR-ND";"";"";"  Texas Instruments";"595-SN74LVC1G08DCK3";"SN74LVC1G08DCK3";"";"";"";"";"";"";"";"";"";"";
"1";"LOGICGATE_BUFFER";"LOGICGATE_BUFFER";"SC-70-5";"U20";"Buffer";"";"";"";"296-26604-2-ND";"";"";"Texas Instruments";"595-SN74LVC1G34DCKT ";"SN74LVC1G34DCKT";"";"";"";"";"";"";"";"";"";"";
"2";"LTC6820";"LTC6820";"MSOP-16";"U7, U32";"LTC6820 isoSPI Isolated Communications Interface";"";"";"";"";"";"";"Analog Devices";"";"LTC6820IMS#PBF";"";"";"";"";"";"";"";"";"";"";
"4";"MAX7404";"MAX7404";"SOIC-08(NARROW,0.15")";"U17, U19, U29, U31";"8th-Order Maxim Filter";"";"";"";"MAX7404CSA+-ND";"";"";"Maxim Integrated";"700-MAX7404CSA";"MAX7404CSA+";"";"";"";"";"";"";"";"";"";"";
"13";"OPAMP_1_CHANNEL_OPA991";"OPAMP_1_CHANNEL_OPA991";"SC-70-5";"U4, U5, U8, U9, U11, U12, U13, U16, U18, U22, U26, U28, U30";"Op-Amp 1 Channel";"";"";"";"296-OPA991IDCKRCT-ND";"";"";"Texas Instruments";"595-OPA991IDCKR";"OPA991IDCKR";"";"";"";"";"";"";"";"";"";"";
"3";"RELAY_SOLIDSTATE_NO_DIP-4";"RELAY_SOLIDSTATE_NO_DIP-4";"DIP-4";"U2, U3, U14";"AQY214EHA Normally Open Solid State Relay";"";"";"";"255-1436-5-ND ";"";"";"Panasonic";"769-AQY214EHA";"AQY214EHA";"";"";"";"";"";"";"";"";"";"";
"2";"RESISTOR_0603_";"RESISTOR_0603_30K";"0603-RES";"R13, R15";"Resistor";"";"";"";"P30KBDCT-ND";"";"";"Panasonic Electronic Components";"667-ERA-3ARB303V";"ERA-3ARB303V";"0.1W";"";"30k";"";"";"";"0.1%";"";"54.77V";"75V";
"2";"RESISTOR_0603_1.65K";"RESISTOR_0603_1.65K";"0603-RES";"R30, R103";"Resistor";"";"";"";"311-1.65KHRCT-ND";"";"";"Yageo";"603-RC0603FR-071K65L";"RC0603FR-071K65L";"0.1W";"";"1.65k";"";"";"";"1%";"";"12.85V";"75V";
"4";"RESISTOR_0603_10";"RESISTOR_0603_10";"0603-RES";"R1, R6, R70, R71";"Resistor";"";"";"";"311-10.0HRCT-ND";"";"";"Yageo";"603-RC0603FR-0710RL";"RC0603FR-0710RL";"0.1W";"";"10";"";"";"";"1%";"";"1.00V";"75V";
"6";"RESISTOR_0603_10.5K";"RESISTOR_0603_10.5K";"0603-RES";"R22, R23, R33, R34, R37, R38";"Resistor";"";"";"";"P10.5KDBCT-ND";"";"";"Panasonic Electronic Components";"677-ERA-3AEB1052V";"ERA-3AEB1052V";"0.1W";"";"10.5k";"";"";"";"0.1%";"";"32.40V";"75V";
"2";"RESISTOR_0603_100K";"RESISTOR_0603_100K";"0603-RES";"R43, R99";"Resistor";"";"";"";"311-100KHRTR-ND";"";"";"Yageo";"603-RC0603FR-07100KL ";"RC0603FR-07100KL";"0.1W";"";"100k";"";"";"";"1%";"";"75V";"75V";
"14";"RESISTOR_0603_10K";"RESISTOR_0603_10K";"0603-RES";"R46, R55, R56, R57, R61, R62, R66, R67, R75, R77, R86, R87, R88, R91";"Resistor";"";"";"";"311-10.0KHRCT-ND";"";"";"Yageo";"603-RC0603FR-0710KL";"RC0603FR-0710KL";"0.1W";"";"10k";"";"";"";"1%";"";"31.62V";"75V";
"8";"RESISTOR_0603_10K";"RESISTOR_0603_10K";"0603-RES";"R2, R5, R47, R69, R79, R81, R94, R101";"Resistor";"";"";"";"P10KBDCT-ND";"";"";"Panasonic Electronic Components";"667-ERA-3ARB103V";"ERA-3ARB103V";"0.1W";"";"10k";"";"";"";"0.1%";"";"31.62V";"75V";
"1";"RESISTOR_0603_11.5K";"RESISTOR_0603_11.5K";"0603-RES";"R54";"Resistor";"";"";"";"P11.5KDBCT-ND";"";"";"Panasonic Electronic Components";"667-ERA-3AEB1152V";"ERA-3AEB1152V";"0.1W";"";"11.5k";"";"";"";"0.1%";"";"33.91V";"75V";
"2";"RESISTOR_0603_120";"RESISTOR_0603_120";"0603-RES";"R32, R105";"Resistor";"";"";"";"P120DBCT-ND";"";"";"Panasonic Electronic Components";"667-ERA-3AEB121V";"ERA-3AEB121V";"0.1W";"";"120";"";"";"";"0.1%";"";"3.46V";"75V";
"2";"RESISTOR_0603_12K";"RESISTOR_0603_12K";"0603-RES";"R76, R78";"Resistor";"";"";"";"311-12.0KHRCT-ND";"";"";"Yageo";"603-RC0603FR-0712KL";"RC0603FR-0712KL";"0.1W";"";"12k";"";"";"";"1%";"";"34.64V";"75V";
"4";"RESISTOR_0603_13K";"RESISTOR_0603_13K";"0603-RES";"R35, R36, R39, R40";"Resistor";"";"";"";"P13KBECT-ND";"";"";"Panasonic Electronic Components";"667-ERA-3ARW133V";"ERA-3ARW133V";"0.1W";"";"13k";"";"";"";"0.05%";"";"75V";"150V";
"2";"RESISTOR_0603_14K";"RESISTOR_0603_14K";"0603-RES";"R63, R84";"Resistor";"";"";"";"RT0603BRB0714KL-ND";"";"";"YAGEO";"603-RT0603BRB0714KL";"RT0603BRB0714KL";"0.1W";"";"14k";"";"";"";"0.1%";"";"37.4V";"75V";
"2";"RESISTOR_0603_150K";"RESISTOR_0603_150K";"0603-RES";"R98, R100";"Resistor";"";"";"";"P150KDBCT-ND";"";"";"Panasonic Electronic Components";"667-ERA-3AEB154V";"ERA-3AEB154V";"0.1W";"";"150k";"";"";"";"1%";"";"75V";"75V";
"1";"RESISTOR_0603_18.7K";"RESISTOR_0603_18.7K";"0603-RES";"R14";"Resistor";"";"";"";"311-18.7KHRCT-ND";"";"";"Yageo";"603-RC0603FR-0718K7L";"RC0603FR-0718K7L";"0.1W";"";"18.7k";"";"";"";"1%";"";"43.24V";"75V";
"7";"RESISTOR_0603_1K";"RESISTOR_0603_1K";"0603-RES";"R24, R45, R65, R73, R83, R96, R102";"Resistor";"";"";"";"1712-CPF-A-0603B1K0ETR-ND";"";"";"TE Connectivity Passive Product";"279-CPF-A-0603B1K0E";" CPF-A-0603B1K0E";"0.0625W";"";"1k";"";"";"";"0.1%";"";"7.9V";"50V";
"1";"RESISTOR_0603_1M";"RESISTOR_0603_1M";"0603-RES";"R92";"Resistor";"";"";"";"311-1.00MHRCT-ND";"";"";"Yageo";"603-RC0603FR-071ML";"RC0603FR-071ML";"0.1W";"";"1M";"";"";"";"1%";"";"75V";"75V";
"2";"RESISTOR_0603_2.2K";"RESISTOR_0603_2.2K";"0603-RES";"R17, R19";"Resistor";"";"";"";"13-RC0603DR-072K2LCT-ND";"";"";"Yageo";"603-RC0603DR-072K2L";"RC0603DR-072K2L";"0.1W";"";"2.2k";"";"";"";"0.5%";"";"75V";"75V";
"2";"RESISTOR_0603_2.74K";"RESISTOR_0603_2.74K";"0603-RES";"R42, R44";"Resistor";"";"";"";"P20020CT-ND";"";"";"Panasonic Electronic Components";"667-ERJ-PB3B2741V";"ERJ-PB3B2741V";"0.2W";"";"2.74k";"";"";"";"0.1%";"";"23.41V";"150V";
"2";"RESISTOR_0603_20K";"RESISTOR_0603_20K";"0603-RES";"R3, R20";"Resistor";"";"";"";"311-20.0KHRTR-ND";"";"";"Yageo";"603-RC0603FR-0720KL ";"RC0603FR-0720KL";"0.1 W";"";"20k";"";"";"";"1%";"";"44.72V";"75V";
"8";"RESISTOR_0603_2K";"RESISTOR_0603_2K";"0603-RES";"R18, R25, R28, R29, R48, R72, R74, R95";"Resistor";"";"";"";"10-ERJ-UP3F2001VTR-ND";"";"";"Panasonic Electronic Components";"667-ERJ-UP3F2001V";"ERJ-UP3F2001V";"0.25W";"";"2k";"";"";"";"1%";"";"22.36V";"150V";
"1";"RESISTOR_0603_3.3K";"RESISTOR_0603_3.3K";"0603-RES";"R49";"Resistor";"";"";"";"P20340TR-ND";"";"";"Panasonic Electronic Components";"667-ERJ-PB3D3301V";"ERJ-PB3D3301V";"0.2W";"";"3.3k";"";"";"";"0.5%";"";"25.69V";"150";
"1";"RESISTOR_0603_330K";"RESISTOR_0603_330K";"0603-RES";"R59";"Resistor";"";"";"";"P330KDBCT-ND";"";"";"Panasonic Electronic Components";"667-ERA-3AEB334V";"ERA-3AEB334V";"0.1W";"";"330k";"";"";"";"0.1%";"";"75V";"75V";
"4";"RESISTOR_0603_36.5K";"RESISTOR_0603_36.5K";"0603-RES";"R7, R9, R11, R58";"Resistor";"";"";"";"311-36.5KHRCT-ND";"";"";"Yageo";"603-RC0603FR-0736K5L";"RC0603FR-0736K5L";"0.1W";"";"36.5k";"";"";"";"1%";"";"60.42V";"75V";
"3";"RESISTOR_0603_4.64K";"RESISTOR_0603_4.64K";"0603-RES";"R8, R10, R12";"Resistor";"";"";"";"311-4.64KHRCT-ND";"";"";"Yageo";"603-RC0603FR-074K64L";"RC0603FR-074K64L";"0.1W";"";"4.64k";"";"";"";"1%";"";"21.54V";"75V";
"1";"RESISTOR_0603_43K";"RESISTOR_0603_43K";"0603-RES";"R68";"Resistor";"";"";"";"311-43.0KHRCT-ND";"";"";"Yageo";"603-RC0603FR-0743KL";"RC0603FR-0743KL";"0.1W";"";"43k";"";"";"";"1%";"";"65.57V";"75V";
"5";"RESISTOR_0603_470";"RESISTOR_0603_470";"0603-RES";"R31, R80, R82, R89, R104";"Resistor";"";"";"";"P470BYCT-ND";"";"";"Panasonic Electronic Components";"667-ERJ-PA3F4700V";"ERJ-PA3F4700V";"0.25W";"";"470";"";"";"";"1%";"";"10.84V";"150V";
"3";"RESISTOR_0603_5.1K";"RESISTOR_0603_5.1K";"0603-RES";"R4, R16, R21";"Resistor";"";"";"";"311-5.10KHRTR-ND";"";"";"Yageo";"603-RC0603FR-075K1L ";"RC0603FR-075K1L";"0.1W";"";"5.1k";"";"";"";"1%";"";"22.58V";"75V";
"1";"RESISTOR_0603_5.9K";"RESISTOR_0603_5.9K";"0603-RES";"R53";"Resistor";"";"";"";"P5.9KDBCT-ND";"";"";"Panasonic Electronic Components";"667-ERA-3AEB5901V";"ERA-3AEB5901V";"0.1W";"";"5.9k";"";"";"";"0.1%";"";"24.29V";"75V";
"4";"RESISTOR_0603_60.4";"RESISTOR_0603_60.4";"0603-RES";"R26, R27, R50, R51";"Resistor";"";"";"";"311-60.4HRCT-ND";"";"";"Yageo";"603-RC0603FR-0760R4L";"RC0603FR-0760R4L";"0.1W";"";"60.4";"";"";"";"1%";"";"2.48V";"75V";
"1";"RESISTOR_0603_73.2K";"RESISTOR_0603_73.2K";"0603-RES";"R90";"Resistor";"";"";"";"P73.2KDBCT-ND";"";"";"Panasonic Electronic Components";"667-ERA-3AEB7322V";"ERA-3AEB7322V";"0.1W";"";"73.2k";"";"";"";"0.1%";"";"75V";"75V";
"1";"RESISTOR_0603_8.66K";"RESISTOR_0603_8.66K";"0603-RES";"R93";"Resistor";"";"";"";"YAG4603TR-ND";"";"";"Yageo";"603-RT0603BRD078K66L";"RT0603BRD078K66L";"0.1W";"";"8.66k";"";"";"";"0.1%";"";"29.43V";"75V";
"6";"RESISTOR_0603_DNP";"RESISTOR_0603_DNP";"0603-RES";"R41, R52, R60, R64, R85, R97";"Resistor";"";"";"";"";"";"";"";"";"";"";"";"DNP";"";"";"";"";"";"";"";
"2";"TCAN1051HQV-Q1";"TCAN1051HQV-Q1";"SOIC-08(NARROW,0.15")";"U6, U10";"TCAN1051*V Can Tranciever";"";"";"";"296-49935-1-ND";"";"";"Texas Instruments";"595-TCAN1051HGVDQ1";"TCAN1051HGVDRQ1";"";"";"";"";"";"";"";"";"";"";
"1";"TEENSY_4.0TH";"TEENSY_4.0TH";"TEENSY_SHORT";"A3";"Teensy 4.0";"";"";"";"";"";"";"";"";"";"";"";"";"";"4.0";"";"";"";"";"";
"1";"TEST_POINT";"TEST_POINT";"5015";"TP_3.3V";"Test Point for Probing";"";"";"";"36-5015CT-ND";"";"";"Keystone Electronics";"534-5015";"5015";"";"";"";"+3V3";"";"";"";"";"";"";
"1";"TEST_POINT";"TEST_POINT";"5015";"TP_5V";"Test Point for Probing";"";"";"";"36-5015CT-ND";"";"";"Keystone Electronics";"534-5015";"5015";"";"";"";"+5V";"";"";"";"";"";"";
"1";"TEST_POINT";"TEST_POINT";"5015";"TP_12V";"Test Point for Probing";"";"";"";"36-5015CT-ND";"";"";"Keystone Electronics";"534-5015";"5015";"";"";"";"+12V";"";"";"";"";"";"";
"1";"TEST_POINT";"TEST_POINT";"5015";"TP_24V";"Test Point for Probing";"";"";"";"36-5015CT-ND";"";"";"Keystone Electronics";"534-5015";"5015";"";"";"";"+24V";"";"";"";"";"";"";
"1";"TEST_POINT";"TEST_POINT";"5015";"TP_GND";"Test Point for Probing";"";"";"";"36-5015CT-ND";"";"";"Keystone Electronics";"534-5015";"5015";"";"";"";"GND";"";"";"";"";"";"";
"13";"TEST_POINT";"TEST_POINT";"MICRO_MINIATURE";"BSPD_CURRENT, CURRENT_REF, CURRENT_SENSE, PACK+_OUT_TEST, PRECHARGE_OK_TEST, TD+, TD+2, TD-, TD-2, TP_AMS_OK, TP_IMD_OK, TS+_OUT_TEST, WATCHDOG_INPUT";"Test Point";"";"";"";"36-5015CT-ND";"";"";"Keystone Electronics";"534-5015";"5015";"";"";"";"";"";"";"";"";"";"";
"1";"TEST_POINT";"TEST_POINT";"MICRO_MINIATURE";"TP_TSAL_GREEN";"Test Point";"";"";"";"36-5015CT-ND";"";"";"Keystone Electronics";"534-5015";"5015";"";"";"";"N$18";"";"";"";"";"";"";
"1";"TEST_POINT";"TEST_POINT";"MICRO_MINIATURE";"TP_TSAL_RED";"Test Point";"";"";"";"36-5015CT-ND";"";"";"Keystone Electronics";"534-5015";"5015";"";"";"";"N$19";"";"";"";"";"";"";
"2";"TRANSFORMER_HM2112ZNLT_AIRGAP";"TRANSFORMER_HM2112ZNLT_AIRGAP";"HM2112ZNLT_AIRGAP";"T1, T2";"2 Channel SMT Transformer";"";"";"";"1840-1036-1-ND";"";"";"Pulse Electronics";"673-HM2112ZNLT";"HM2112ZNLT";"";"";"";"";"";"";"";"";"";"";
"4";"TRANSISTOR_N_MOS__PMV15ENEA";"TRANSISTOR_N_MOS__PMV15ENEA";"SOT-23";"Q1, Q2, Q3, Q4";"N-MOSFET";"";"";"";"1727-8588-1-ND";"";"";"Nexperia USA Inc.";"771-PMV15ENEAR";"PMV15ENEAR";"";"";"";"";"";"";"";"";"";"";
"4";"TVS_DO-214AA_28V";"TVS_DO-214AA_28V";"DO-214AA";"D4, D5, D6, D8";"TVS Diode";"";"";"";"118-1.5SMBJ28ATR-ND";"";"";"Bourns Inc.";"652-1.5SMBJ28A";"1.5SMBJ28A";"";"";"";"";"";"";"";"28V";"";"";
"1";"TVS_DO-214AA_30V";"TVS_DO-214AA_30V";"DO-214AA";"D2";"TVS Diode";"";"";"";"118-1.5SMBJ30ATR-ND";"";"";"Bourns Inc.";"652-1.5SMBJ30A";" 1.5SMBJ30A";"";"";"";"";"";"";"";"30V";"";"";
"2";"TVS__15V";"TVS__15V";"SOT-23";"D9, D10";"TVS Diode";"";"";"";"GSOT15-E3-08CT-ND";"";"";"Vishay General Semiconductor - Diodes Division";"78-GSOT15-E3-08";"GSOT15-E3-08";"";"";"";"";"";"";"";"15V";"";"";
"3";"TVS__8V";"TVS__8V";"SOT-23";"D1, D3, D7";"TVS Diode";"";"";"";"GSOT08-E3-08TR-ND";"";"";"Vishay General Semiconductor - Diodes Division";"78-GSOT08-E3-08";"GSOT08-E3-08";"";"";"";"";"";"";"";"8V";"";"";
"1";"VOLTAGE_REGULATOR_MODULE_OKI-78SR_12V";"VOLTAGE_REGULATOR_MODULE_OKI-78SR_12V";"OKI-78SR";"A1";"Voltage Regulator Modules";"";"";"";"811-3293-ND";"";"";"Murata Power Solutions Inc.";"580-OKI78SR12/1W36C";"OKI-78SR-12/1.0-W36-C";"";"";"";"";"";"";"";"";"";"";
"1";"VOLTAGE_REGULATOR_MODULE_OKI-78SR_5V";"VOLTAGE_REGULATOR_MODULE_OKI-78SR_5V";"OKI-78SR";"A2";"Voltage Regulator Modules";"";"";"";"811-2196-5-ND";"";"";"Murata Power Solutions Inc.";"580-OKI78SR5/1.5W36C";"OKI-78SR-5/1.5-W36-C";"";"";"";"";"";"";"";"";"";"";
"1";"VOLTAGE_REGULATOR_SOT-223_3.3V";"VOLTAGE_REGULATOR_SOT-223_3.3V";"SOT-223";"U1";"Voltage Regulators";"";"";"";"LMS8117AMP-3.3/NOPBCT-ND";"";"";"Texas Instruments";"926-LMS8117AMP33NOPB";"LMS8117AMP-3.3/NOPB";"";"";"";"";"";"";"";"";"";"";
