"Qty";"Value";"Device";"Package";"Parts";"Description";"BATTERY_TYPE";"CAPACITANCE";"COLOR";"CURRENT";"DKPN";"MANUFACTURER";"MOPN";"MPN";"POWER";"RESET_VOLTAGE";"RESISTANCE";"TEENSY";"TIMEOUT";"TOLERANCE";"VOLTAGE";"VOLTAGE_CONTINUOUS";"VOLTAGE_MAX";
"1";"ADM8316WBX30";"ADM8316WBX30";"SOT-23-5";"U31";"ADM8316 Watchdog";"";"";"";"";"ADM8316WBX30ARJZR7TR-ND";"Analog Devices Inc.";"584-M8316WBX30ARJZR7";"ADM8316WBX30ARJZR7";"";"3V";"";"";"102ms";"";"";"";"";
"1";"BATTERY_HOLDER_KEYSTONE_498";"BATTERY_HOLDER_KEYSTONE_498";"498";"XB1";"Keystone 498 1/3N Cell Holder";"1/3N";"";"";"";"36-498-ND";"Keystone Electronics";"534-498";"498";"";"";"";"";"";"";"";"";"";
"1";"BUTTON";"BUTTON";"B3S-100X";"S1";"Button";"";"";"";"";"SW415-ND ";"Omron";"653-B3S-1000";"B3S-1000";"";"";"";"";"";"";"";"";"";
"30";"CAPACITOR_0603_10V_0.1UF";"CAPACITOR_0603_10V_0.1UF";"0603-CAP";"C1, C6, C9, C10, C14, C15, C16, C17, C18, C19, C20, C22, C25, C29, C33, C35, C41, C46, C51, C57, C58, C59, C60, C62, C63, C67, C68, C69, C70, C75";"Capacitor, Non-Polarized";"";"0.1µF";"";"";"720-1688-1-ND";"Vishay Vitramon";"77-VJ0603Y104JXQPBC";"VJ0603Y104JXQPW1BC";"";"";"";"";"";"5%";"10V";"";"";
"2";"CAPACITOR_0603_10V_10NF";"CAPACITOR_0603_10V_10NF";"0603-CAP";"C32, C37";"Capacitor, Non-Polarized";"";"10nF";"";"";"311-4054-1-ND";"Yageo";"603-CC603KRX7R6BB103";"CC0603KRX7R6BB103";"";"";"";"";"";"10%";"10V";"";"";
"2";"CAPACITOR_0603_10V_15PF";"CAPACITOR_0603_10V_15PF";"0603-CAP";"C21, C23";"Capacitor, Non-Polarized";"";"15pF";"";"";"720-VJ0603A150FXQPW1BCCT-ND";"Vishay Vitramon";"77-VJ0603A150FXQPBC";"VJ0603A150FXQPW1BC";"";"";"";"";"";"1%";"10V";"";"";
"21";"CAPACITOR_0603_10V_1UF";"CAPACITOR_0603_10V_1UF";"0603-CAP";"C2, C11, C13, C26, C30, C34, C39, C40, C44, C45, C49, C50, C52, C56, C64, C73, C74, C78, C79, C82, C83";"Capacitor, Non-Polarized";"";"1µF";"";"";"311-1796-1-ND";"Yageo";"603-CC603KRX7R6BB105";"CC0603KRX7R6BB105";"";"";"";"";"";"10%";"10V";"";"";
"2";"CAPACITOR_0603_10V_4.7NF";"CAPACITOR_0603_10V_4.7NF";"0603-CAP";"C24, C61";"Capacitor, Non-Polarized";"";"4.7nF";"";"";"732-7931-1-ND";"Würth Elektronik";"710-885012206012";"885012206012";"";"";"";"";"";"10%";"10V";"";"";
"12";"CAPACITOR_0603_16V_0.47UF";"CAPACITOR_0603_16V_0.47UF";"0603-CAP";"C36, C38, C42, C43, C47, C48, C71, C72, C76, C77, C80, C81";"Capacitor, Non-Polarized";"";"0.47µF";"";"";"445-5192-1-ND";"  TDK Corporation";"810-C1608X7R1C474K";"  C1608X7R1C474K080AC";"";"";"";"";"";"10%";"16V";"";"";
"1";"CAPACITOR_0603_25V_1.2NF";"CAPACITOR_0603_25V_1.2NF";"0603-CAP";"C31";"Capacitor, Non-Polarized";"";"1.2nF";"";"";"311-4079-2-ND";"YAGEO";"603-CC603KRX7R8BB122 ";"CC0603KRX7R8BB122";"";"";"";"";"";"10%";"25V";"";"";
"3";"CAPACITOR_0603_25V_10UF";"CAPACITOR_0603_25V_10UF";"0603-CAP";"C4, C5, C28";"Capacitor, Non-Polarized";"";"10µF";"";"";"490-7202-1-ND";"Murata Electronics";"81-GRM188R61E106MA3D";"GRM188R61E106MA73D";"";"";"";"";"";"20%";"25V";"";"";
"2";"CAPACITOR_0603_50V_1UF";"CAPACITOR_0603_50V_1UF";"0603-CAP";"C7, C8";"Capacitor, Non-Polarized";"";"1uF";"";"";"587-2400-2-ND";"Taiyo Yuden";"963-UMK107BJ105KA-T";"UMK107BJ105KA-T";"";"";"";"";"";"10%";"50V";"";"";
"1";"CAPACITOR_0805_50V_10UF";"CAPACITOR_0805_50V_10UF";"0805-CAP";"C27";"Capacitor, Non-Polarized";"";"10uF";"";"";"490-18663-2-ND";"Murata";"81-GRM21BR61H106KE3L";" GRM21BR61H106KE43L";"";"";"";"";"";"10%";"50V";"";"";
"1";"CAPACITOR_ELECTROLYTIC_EEH_AZS_470UF";"CAPACITOR_ELECTROLYTIC_EEH_AZS_470UF";"EEH-AZS";"C3";"A759 Series Aluminium Hybrid Electrolytic Capacitor";"";"470uF";"";"";"10-EEH-AZS1V471BCT-ND";"Panasonic Electronic Components";"667-EEH-AZS1V471B";"EEH-AZS1V471B";"";"";"";"";"";"20&";"35V";"";"";
"2";"CONNECTOR-24_CONNECTOR-24_";"CONNECTOR-24_CONNECTOR-24_";"EHT-112-01";"J1, J2";"24 pin ribbon connector header (EHT-112-01)";"";"";"";"";"EHT-112-01-F-D-ND";"Samtec";"200-EHT11201FD";"EHT-112-01-F-D";"";"";"";"";"";"";"";"";"";
"2";"DNP";"JUMPER_0603_";"0603-RES";"JP9, JP11";"2 Pin Connector";"";"";"";"";"13-RC0603FR-130RLTR-ND";"YAGEO";"603-RC0603FR-130RL";"RC0603FR-130RL";"";"";"";"";"";"";"";"";"";
"4";"JUMPER_0603_";"JUMPER_0603_";"0603-RES";"JP2, JP4, JP10, JP12";"2 Pin Connector";"";"";"";"";"13-RC0603FR-130RLTR-ND";"YAGEO";"603-RC0603FR-130RL";"RC0603FR-130RL";"";"";"";"";"";"";"";"";"";
"2";"JUMPER__1X02";"JUMPER__1X02";"1X02";"JP1, JP3";"2 Pin Connector";"";"";"";"";"S1011EC-02-ND";"Sullins Connector Solutions";"";"PRPC002SAAN-RC";"";"";"";"";"";"";"";"";"";
"7";"LED_0603_GREEN";"LED_0603_GREEN";"0603-LED";"B, BSPD, C, D, E, F, G";"LED";"";"";"Green";"";"754-1790-1-ND";"Kingbright";"604-APT1608ZGCK";"APT1608ZGCK";"";"";"";"";"";"";"";"";"";
"4";"LED_0603_ORANGE";"LED_0603_ORANGE";"0603-LED";"BMS, IMD, SWOK, WDOG";"LED";"";"";"Orange";"";"754-1120-1-ND";"Kingbright";"604-APT1608SECK";"APT1608SECK";"";"";"";"";"";"";"";"";"";
"9";"LED_0603_RED";"LED_0603_RED";"0603-LED";"B_HI, B_MIS, C_HI, C_MIS, ESP, GPS, LTE, MQTT, RTK";"LED";"";"";"Red";"";"754-1786-1-ND";"Kingbright";"604-APT1608SECKJ3PRV";"APT1608SECK/J3-PRV";"";"";"";"";"";"";"";"";"";
"1";"LED_0603_WHITE";"LED_0603_WHITE";"0603-LED";"LATCH";"LED";"";"";"White";"";"SM0603UWC-ND";"Bivar Inc.";"749-SM0603UWC";"SM0603UWC";"";"";"";"";"";"";"";"";"";
"2";"LED_0603_YELLOW";"LED_0603_YELLOW";"0603-LED";"3V3, 5V0";"LED";"";"";"Yellow";"";"754-1788-1-ND";"Kingbright";"604-APT1608SYCK/J3-PRV";"APT1608SYCK/J3-PRV";"";"";"";"";"";"";"";"";"";
"1";"LOGICGATE_AND_DCK3";"LOGICGATE_AND_DCK3";"SC-70-5";"U15";"AND Gate";"";"";"";"";"296-SN74LVC1G08DCK3TR-ND";"  Texas Instruments";"595-SN74LVC1G08DCK3";"SN74LVC1G08DCK3";"";"";"";"";"";"";"";"";"";
"1";"LOGICGATE_NOR";"LOGICGATE_NOR";"SC-70-5";"U13";"NOR Gate";"";"";"";"";"296-11598-1-ND";"Texas Instruments";"595-SN74LVC1G02DCKR";"SN74LVC1G02DCKR";"";"";"";"";"";"";"";"";"";
"5";"LOGICGATE_OR";"LOGICGATE_OR";"SC-70-5";"U8, U9, U10, U11, U12";"OR Gate";"";"";"";"";"296-22348-2-ND";"Texas Instruments";"595-SN74LVC32IDCKREP";"SN74LVC1G32IDCKREP";"";"";"";"";"";"";"";"";"";
"2";"LTC6820";"LTC6820";"MSOP-16";"U2, U3";"LTC6820 isoSPI Isolated Communications Interface";"";"";"";"";"";"Analog Devices";"";"LTC6820IMS#PBF";"";"";"";"";"";"";"";"";"";
"1";"MAX3074EESA+";"MAX3074EESA+";"SOIC-08(NARROW,0.15")";"U16";"Maxim Integrated MAX3074EESA+";"";"";"";"";"MAX3074EESA+-ND ";"Maxim Integrated";"700-MAX3074EESA";"MAX3074EESA+";"";"";"";"";"";"";"";"";"";
"2";"MAX7400";"MAX7400";"SOIC-08(NARROW,0.15")";"U17, U18";"8th-Order Maxim Filter";"";"";"";"";"MAX7400CSA+-ND";"Maxim Integrated";"700-MAX7400CSA";"MAX7400CSA+";"";"";"";"";"";"";"";"";"";
"1";"MCP3208";"MCP3208";"SOIC-16";"U6";"Microchip MCP3208 ADC";"";"";"";"";"MCP3208T-BI/SLCT-ND";"Microchip Technology";"579-MCP3208T-BI/SL";"MCP3208T-BI/SL";"";"";"";"";"";"";"";"";"";
"1";"NRF9160LTE";"NRF9160LTE";"NRF9160LTE";"A4";"SparkFun Thing Plus - nRF9160 LTE module";"";"";"";"";"1568-WRL-17354-ND";"SparkFun Electronics";"474-WRL-17354";"WRL-17354";"";"";"";"";"";"";"";"";"";
"1";"OPAMP_1_CHANNEL_OPA991";"OPAMP_1_CHANNEL_OPA991";"SC-70-5";"U7";"Op-Amp 1 Channel";"";"";"";"";"296-OPA991IDCKRCT-ND";"Texas Instruments";"595-OPA991IDCKR";"OPA991IDCKR";"";"";"";"";"";"";"";"";"";
"10";"OPAMP_2_CHANNEL_OPA_2991";"OPAMP_2_CHANNEL_OPA_2991";"SOT-23-8";"U19, U20, U21, U22, U23, U24, U25, U26, U27, U32";"Op-Amp 2 Channel";"";"";"";"";"296-OPA2991IDDFRCT-ND";"Texas Instruments";"595-OPA2991IDDFR";"OPA2991IDDFR";"";"";"";"";"";"";"";"";"";
"5";"RELAY_DPDT_07DSMT";"RELAY_DPDT_07DSMT";"IM*G";"K1, K2, K3, K4, K5";"Dual Pole, Dual Throw Relay";"";"";"";"";"PB2077CT-ND";"TE Connectivity";"655-3-1462039-7";"3-1462039-7";"";"";"";"";"";"";"";"";"";
"4";"RESISTOR_0603_1.13K";"RESISTOR_0603_1.13K";"0603-RES";"R63, R64, R151, R153";"Resistor";"";"";"";"";"P1.13KHCT-ND";"Panasonic Electronic Components";"667-ERJ-3EKF1131V";"ERJ-3EKF1131V";"0.1W";"";"1.13k";"";"";"1%";"";"75V";"150V";
"1";"RESISTOR_0603_1.24K";"RESISTOR_0603_1.24K";"0603-RES";"R65";"Resistor";"";"";"";"";"311-1.24KHRCT-ND";"Yageo";"603-RC0603FR-071K24L";"RC0603FR-071K24L";"0.1W";"";"1.24k";"";"";"1%";"";"11.14V";"75V";
"2";"RESISTOR_0603_1.33K";"RESISTOR_0603_1.33K";"0603-RES";"R150, R152";"Resistor";"";"";"";"";"P1.33KDBCT-ND";"Panasonic Electronic Components";"667-ERA-3AEB1331V";"ERA-3AEB1331V";"0.1W";"";"1.33k";"";"";"0.1%";"";"11.53V";"75V";
"3";"RESISTOR_0603_10.2K";"RESISTOR_0603_10.2K";"0603-RES";"R33, R34, R62";"Resistor";"";"";"";"";"P10.2KDBCT-ND";"Panasonic Electronic Components";"667-ERA-3AEB1022V";"ERA-3AEB1022V";"0.1W";"";"10.2k";"";"";"0.1%";"";"31.94V";"75V";
"18";"RESISTOR_0603_10K";"RESISTOR_0603_10K";"0603-RES";"R1, R3, R54, R67, R69, R73, R74, R88, R95, R102, R109, R116, R122, R133, R134, R143, R147, R149";"Resistor";"";"";"";"";"P10KBDCT-ND";"Panasonic Electronic Components";"667-ERA-3ARB103V";"ERA-3ARB103V";"0.1W";"";"10k";"";"";"0.1%";"";"31.62V";"75V";
"4";"RESISTOR_0603_120";"RESISTOR_0603_120";"0603-RES";"R23, R30, R55, R56";"Resistor";"";"";"";"";"P120DBCT-ND";"Panasonic Electronic Components";"667-ERA-3AEB121V";"ERA-3AEB121V";"0.1W";"";"120";"";"";"0.1%";"";"3.46V";"75V";
"12";"RESISTOR_0603_12K";"RESISTOR_0603_12K";"0603-RES";"R82, R83, R84, R90, R91, R97, R98, R104, R105, R111, R112, R118";"Resistor";"";"";"";"";"311-12.0KHRCT-ND";"Yageo";"603-RC0603FR-0712KL";"RC0603FR-0712KL";"0.1W";"";"12k";"";"";"1%";"";"34.64V";"75V";
"1";"RESISTOR_0603_14K";"RESISTOR_0603_14K";"0603-RES";"R53";"Resistor";"";"";"";"";"RT0603BRB0714KL-ND";"YAGEO";"603-RT0603BRB0714KL";"RT0603BRB0714KL";"0.1W";"";"14k";"";"";"0.1%";"";"37.4V";"75V";
"6";"RESISTOR_0603_15K";"RESISTOR_0603_15K";"0603-RES";"R89, R96, R103, R110, R117, R123";"Resistor";"";"";"";"";"P15KBDCT-ND";"Panasonic Electronic Components";"667-ERA-3ARB153V";"ERA-3ARB153V";"0.1W";"";"15k";"";"";"0.1%";"";"38.73V";"75V";
"2";"RESISTOR_0603_18.7K";"RESISTOR_0603_18.7K";"0603-RES";"R71, R72";"Resistor";"";"";"";"";"311-18.7KHRCT-ND";"Yageo";"603-RC0603FR-0718K7L";"RC0603FR-0718K7L";"0.1W";"";"18.7k";"";"";"1%";"";"43.24V";"75V";
"1";"RESISTOR_0603_180";"RESISTOR_0603_180";"0603-RES";"R28";"Resistor";"";"";"";"";"311-180HRCT-ND";"Yageo";"603-RC0603FR-07180RL";"RC0603FR-07180RL";"0.1W";"";"180";"";"";"1%";"";"4.24V";"75V";
"2";"RESISTOR_0603_1K";"RESISTOR_0603_1K";"0603-RES";"R46, R50";"Resistor";"";"";"";"";"1712-CPF-A-0603B1K0ETR-ND";"TE Connectivity Passive Product";"279-CPF-A-0603B1K0E";" CPF-A-0603B1K0E";"0.0625W";"";"1k";"";"";"0.1%";"";"7.9V";"50V";
"1";"RESISTOR_0603_2.18K";"RESISTOR_0603_2.18K";"0603-RES";"R68";"Resistor";"";"";"";"";"13-RT0805BRD072K18LTR-ND";"YAGEO";"603-RT0805BRD072K18L";"RT0805BRD072K18L";"0.125W";"";"2.18k";"";"";"0.1%";"";"16.51V";"150V";
"1";"RESISTOR_0603_2.55K";"RESISTOR_0603_2.55K";"0603-RES";"R66";"Resistor";"";"";"";"";"311-2.55KHRCT-ND";"Yageo";"603-RC0603FR-072K55L";"RC0603FR-072K55L";"0.1W";"";"2.55k";"";"";"1%";"";"15.97V";"75V";
"5";"RESISTOR_0603_240";"RESISTOR_0603_240";"0603-RES";"R29, R41, R44, R48, R49";"Resistor";"";"";"";"";"311-240HRCT-ND";"Yageo";"603-RC0603FR-07240RL";"RC0603FR-07240RL";"0.1W";"";"240";"";"";"1%";"";"4.90V";"75V";
"17";"RESISTOR_0603_2K";"RESISTOR_0603_2K";"0603-RES";"R5, R8, R11, R14, R17, R20, R24, R25, R26, R27, R31, R32, R57, R58, R59, R60, R61";"Resistor";"";"";"";"";"10-ERJ-UP3F2001VTR-ND";"Panasonic Electronic Components";"667-ERJ-UP3F2001V";"ERJ-UP3F2001V";"0.25W";"";"2k";"";"";"1%";"";"22.36V";"150V";
"2";"RESISTOR_0603_3.3K";"RESISTOR_0603_3.3K";"0603-RES";"R2, R4";"Resistor";"";"";"";"";"P20340TR-ND";"Panasonic Electronic Components";"667-ERJ-PB3D3301V";"ERJ-PB3D3301V";"0.3W";"";"3.3k";"";"";"0.5%";"";"25.69V";"150";
"6";"RESISTOR_0603_30K";"RESISTOR_0603_30K";"0603-RES";"R87, R94, R101, R108, R115, R121";"Resistor";"";"";"";"";"P30KBDCT-ND";"Panasonic Electronic Components";"667-ERA-3ARB303V";"ERA-3ARB303V";"0.1W";"";"30k";"";"";"0.1%";"";"54.77V";"75V";
"9";"RESISTOR_0603_36.5K";"RESISTOR_0603_36.5K";"0603-RES";"R7, R10, R13, R16, R19, R22, R138, R139, R140";"Resistor";"";"";"";"";"311-36.5KHRCT-ND";"Yageo";"603-RC0603FR-0736K5L";"RC0603FR-0736K5L";"0.1W";"";"36.5k";"";"";"1%";"";"60.42V";"75V";
"9";"RESISTOR_0603_4.64K";"RESISTOR_0603_4.64K";"0603-RES";"R6, R9, R12, R15, R18, R21, R135, R136, R137";"Resistor";"";"";"";"";"311-4.64KHRCT-ND";"Yageo";"603-RC0603FR-074K64L";"RC0603FR-074K64L";"0.1W";"";"4.64k";"";"";"1%";"";"21.54V";"75V";
"2";"RESISTOR_0603_43K";"RESISTOR_0603_43K";"0603-RES";"R45, R51";"Resistor";"";"";"";"";"311-43.0KHRCT-ND";"Yageo";"603-RC0603FR-0743KL";"RC0603FR-0743KL";"0.1W";"";"43k";"";"";"1%";"";"65.57V";"75V";
"4";"RESISTOR_0603_5.1K";"RESISTOR_0603_5.1K";"0603-RES";"R144, R145, R146, R148";"Resistor";"";"";"";"";"311-5.10KHRTR-ND";"Yageo";"603-RC0603FR-075K1L ";"RC0603FR-075K1L";"0.1W";"";"5.1k";"";"";"1%";"";"22.58V";"75V";
"4";"RESISTOR_0603_60.4";"RESISTOR_0603_60.4";"0603-RES";"R47, R52, R141, R142";"Resistor";"";"";"";"";"311-60.4HRCT-ND";"Yageo";"603-RC0603FR-0760R4L";"RC0603FR-0760R4L";"0.1W";"";"60.4";"";"";"1%";"";"2.48V";"75V";
"12";"RESISTOR_0603_7.5K";"RESISTOR_0603_7.5K";"0603-RES";"R85, R86, R92, R93, R99, R100, R106, R107, R113, R114, R119, R120";"Resistor";"";"";"";"";"P20072CT-ND";"Panasonic Electronic Components";"667-ERJ-PB3B7501V";"ERJ-PB3B7501V";"0.2W";"";"7.5k";"";"";"0.1%";"";"38.73V";"150V";
"2";"RESISTOR_0603_8.35K";"RESISTOR_0603_8.35K";"0603-RES";"R131, R132";"Resistor";"";"";"";"";"764-1461-2-ND";"Vishay Dale Thin Film";"71-PTN0603E8351BST1";"PTN0603E8351BST1";"0.15W";"";"8.35k";"";"";"0.1%";"";"28.90V";"75V";
"1";"RESISTOR_0603_DNP";"RESISTOR_0603_DNP";"0603-RES";"R70";"Resistor";"";"";"";"";"";"";"";"";"";"";"DNP";"";"";"";"";"";"";
"2";"RESISTOR_TRIMPOT_10K_3362P";"RESISTOR_TRIMPOT_10K_3362P";"3362P";"VR1, VR2";"Variable Resistor";"";"";"";"";"3362P-103LF-ND";"Bourns Inc.";"652-3362P-1-103LF";"3362P-1-103LF";"0.5W";"";"10k";"";"";"10%";"70.711V";"";"";
"1";"SCHOTTKY_1206_40V";"SCHOTTKY_1206_40V";"1206-DIODE";"D2";"CUS08F30 Shottky Diode Datasheet";"";"";"";"";"478-7806-1-ND";"KYOCERA AVX";"581-SD1206S040S2R0";"SD1206S040S2R0";"";"";"";"";"";"";"40 V";"";"";
"10";"SCHOTTKY_SOD323_30V";"SCHOTTKY_SOD323_30V";"SOD-323";"D3, D9, D10, D11, D12, D13, D14, D15, D16, D17";"CUS08F30 Shottky Diode Datasheet";"";"";"";"0.8A";"CUS08F30H3FTR-ND";"Toshiba Semiconductor and Storage";"757-CUS08F30H3F";"CUS08F30";"";"";"";"";"";"";"30V";"";"";
"4";"TCAN1051HQV-Q1";"TCAN1051HQV-Q1";"SOIC-08(NARROW,0.15")";"U4, U14, U29, U30";"TCAN1051*V Can Tranciever";"";"";"";"";"296-49935-1-ND";"Texas Instruments";"595-TCAN1051HGVDQ1";"TCAN1051HGVDRQ1";"";"";"";"";"";"";"";"";"";
"1";"TEENSY_4.1";"TEENSY_4.1";"TEENSY_LONG_EXT";"A3";"Teensy 4.1 with VBAT";"";"";"";"";"";"";"";"";"";"";"";"4.1";"";"";"";"";"";
"1";"TEENSY_4.1_SMT";"TEENSY_4.1_SMT";"TEENSY_LONG_SSM";"A2";"Teensy 4.1 without VBAT";"";"";"";"";"";"";"";"";"";"";"";"4.1";"";"";"";"";"";
"13";"TEST_POINT";"TEST_POINT";"5015";"CUR, TP1, TP2, TP3, TP4, TP6, TP7, TP8, TP9, TP10, TP11, TP12, TP13";"Test Point for Probing";"";"";"";"";"36-5015CT-ND";"Keystone Electronics";"534-5015";"5015";"";"";"";"";"";"";"";"";"";
"1";"TRANSFORMER_HM2112ZNLT";"TRANSFORMER_HM2112ZNLT";"HM2112ZNLT";"T1";"2 Channel SMT Transformer";"";"";"";"";"1840-1036-1-ND";"Pulse Electronics";"673-HM2112ZNLT";"HM2112ZNLT";"";"";"";"";"";"";"";"";"";
"2";"TRANSISTOR_N_MOS__DMG3406L-7";"TRANSISTOR_N_MOS__DMG3406L-7";"SOT-23";"Q1, Q4";"N-MOSFET";"";"";"";"";"DMG3406L-7DITR-ND";"Diodes Incorporated";"621-DMG3406L-7";"DMG3406L-7";"";"";"";"";"";"";"";"";"";
"2";"TRANSISTOR_P_MOS_SOT-23_DMP3056L-7";"TRANSISTOR_P_MOS_SOT-23_DMP3056L-7";"SOT-23";"Q2, Q3";"P-MOSFET";"";"";"";"";"DMP3056L-7DITR-ND";"Diodes Incorporated";"621-DMP3056L-7";"DMP3056L-7";"";"";"";"";"";"";"";"";"";
"2";"TVS_BIDIRECTIONAL_DUAL";"TVS_BIDIRECTIONAL_DUAL";"SC-70-3";"D23, D24";"Bdirectional TVS for CAN ESD";"";"";"";"";"296-25281-1-ND";"Texas Instruments";"595-TPD2E007DCKR";"TPD2E007DCKR";"";"";"";"";"";"";"";"";"";
"5";"TVS_DO-214AA_30V";"TVS_DO-214AA_30V";"1.5SMBJ";"D4, D5, D6, D7, D8";"TVS Diode";"";"";"";"";"118-1.5SMBJ30ATR-ND";"Bourns Inc.";"652-1.5SMBJ30A";" 1.5SMBJ30A";"";"";"";"";"";"";"30V";"";"";
"4";"TVS__15V";"TVS__15V";"SOT-23";"D19, D20, D21, D22";"TVS Diode";"";"";"";"";"GSOT15-E3-08CT-ND";"Vishay General Semiconductor - Diodes Division";"78-GSOT15-E3-08";"GSOT15-E3-08";"";"";"";"";"";"";"15V";"";"";
"1";"TVS__5V";"TVS__5V";"SOT-23";"D18";"TVS Diode";"";"";"";"";"GSOT03-E3-08CT-ND";"Vishay General Semiconductor - Diodes Division";"78-GSOT03-E3-08";"GSOT03-E3-08";"";"";"";"";"";"";"3.3V";"";"";
"1";"VOLTAGE_REGULATOR_MODULE_OKI-78SR_12V";"VOLTAGE_REGULATOR_MODULE_OKI-78SR_12V";"OKI-78SR";"A1";"Voltage Regulator Modules";"";"";"";"";"811-3293-ND";"Murata Power Solutions Inc.";"580-OKI78SR12/1W36C";"OKI-78SR-12/1.0-W36-C";"";"";"";"";"";"";"";"";"";
"1";"VOLTAGE_REGULATOR_SOT-223_3.3V";"VOLTAGE_REGULATOR_SOT-223_3.3V";"SOT-223";"U1";"Voltage Regulators";"";"";"";"";"LMS8117AMP-3.3/NOPBCT-ND";"Texas Instruments";"926-LMS8117AMP33NOPB";"LMS8117AMP-3.3/NOPB";"";"";"";"";"";"";"";"";"";
