"Qty";"Value";"Device";"Package";"Parts";"Description";"DKPN";"FUSE_TYPE";"MANUFACTURER";"MOPN";"MPN";"POWER";"RESISTANCE";"TOLERANCE";"VOLTAGE";"VOLTAGE_CONTINUOUS";"VOLTAGE_MAX";
"1";"CONNECTOR-10_MF_T_V_";"CONNECTOR-10_MF_T_V_";"MOLEX_MICROFIT_PTH_VERTICAL_10_DUAL";"J4";"10 pin connector";"WM1799-ND";"";"MOLEX";"538-43045-1014";"430451014";"";"";"";"";"";"";
"1";"CONNECTOR-16_MF_T_V_";"CONNECTOR-16_MF_T_V_";"MOLEX_MICROFIT_PTH_VERTICAL_16_DUAL";"J10";"16 pin connector";"WM4718-ND";"";"MOLEX";"538-43045-1614";"0430451614";"";"";"";"";"";"";
"1";"CONNECTOR-18_MF_T_V_";"CONNECTOR-18_MF_T_V_";"MOLEX_MICROFIT_PTH_VERTICAL_18_DUAL";"J11";"18 pin connector";"WM4719-ND";"";"MOLEX";"538-43045-1814";"0430451814";"";"";"";"";"";"";
"2";"CONNECTOR-34__";"CONNECTOR-34__";"EHT-117-01";"J6, J7";"34 pin ribbon connector header (EHT-117-01)";"SAM15557-ND";"";"Samtec";"200-EHT11701LD";"EHT-117-01-L-D";"";"";"";"";"";"";
"3";"CONNECTOR-4_μF_T_V_BLACK";"CONNECTOR-4_μF_T_V_BLACK";"MOLEX_MICROFIT_PTH_VERTICAL_04_DUAL";"J5, J8, J9";"4 Pin Connector";"2266-43045-0414-ND";"";"Molex";"538-43045-0414";"430450414";"";"";"";"";"";"";
"4";"CONNECTOR-8_μF_T_V_BLACK";"CONNECTOR-8_μF_T_V_BLACK";"MOLEX_MICROFIT_PTH_VERTICAL_08_DUAL";"J1, J2, J3, J12";"8 Pin Connector";"WM1798-ND";"";"Molex";"538-43045-0814";"430450814";"";"";"";"";"";"";
"1";"FUSE_HOLDER_MINIBLADESMD";"FUSE_HOLDER_MINIBLADESMD";"3588";"XF1";"Fuse Holder";"36-3588-ND";"MINI 297";"Keystone Electronics";"534-3588";"3588";"";"";"";"";"";"";
"3";"RESISTOR_0603_100";"RESISTOR_0603_100";"0603-RES";"R1, R2, R3";"Resistor";"311-100HRCT-ND";"";"Yageo";"603-RC0603FR-07100RL";"RC0603FR-07100RL";"0.1W";"100";"1%";"";"3.16V";"75V";
"2";"RESISTOR_0603_100K";"RESISTOR_0603_100K";"0603-RES";"R14, R15";"Resistor";"311-100KHRTR-ND";"";"Yageo";"603-RC0603FR-07100KL ";"RC0603FR-07100KL";"0.1W";"100k";"1%";"";"75V";"75V";
"4";"RESISTOR_0603_10K";"RESISTOR_0603_10K";"0603-RES";"R5, R8, R11, R12";"Resistor";"311-10.0KHRCT-ND";"";"Yageo";"603-RC0603FR-0710KL";"RC0603FR-0710KL";"0.1W";"10k";"1%";"";"31.62V";"75V";
"4";"RESISTOR_0603_5.1K";"RESISTOR_0603_5.1K";"0603-RES";"R6, R7, R9, R10";"Resistor";"311-5.10KHRTR-ND";"";"Yageo";"603-RC0603FR-075K1L ";"RC0603FR-075K1L";"0.1W";"5.1k";"1%";"";"22.58V";"75V";
"6";"TEST_POINT";"TEST_POINT";"5015";"TP1, TP2, TP3, TP4, TP5, TP6";"Test Point for Probing";"36-5015CT-ND";"";"Keystone Electronics";"534-5015";"5015";"";"";"";"";"";"";
"3";"TRANSISTOR_N_MOS__DMG3406L-7";"TRANSISTOR_N_MOS__DMG3406L-7";"SOT-23";"Q1, Q3, Q5";"N-MOSFET";"DMG3406L-7DITR-ND";"";"Diodes Incorporated";"621-DMG3406L-7";"DMG3406L-7";"";"";"";"";"";"";
"3";"TRANSISTOR_P_MOS_SOT-23_DMP3056L-7";"TRANSISTOR_P_MOS_SOT-23_DMP3056L-7";"SOT-23";"Q2, Q4, Q6";"P-MOSFET";"DMP3056L-7DITR-ND";"";"Diodes Incorporated";"621-DMP3056L-7";"DMP3056L-7";"";"";"";"";"";"";
"6";"TVS_15V";"TVS_15V";"SOT-23";"D1, D2, D3, D4, D5, D6";"TVS Diode";"GSOT15-E3-08CT-ND";"";"Vishay General Semiconductor - Diodes Division";"78-GSOT15-E3-08";"GSOT15-E3-08";"";"";"";"15V";"";"";
"1";"VOLTAGE_REGULATOR_MODULE_OKI-78SR_12V";"VOLTAGE_REGULATOR_MODULE_OKI-78SR_12V";"OKI-78SR";"A1";"Voltage Regulator Modules";"811-3293-ND";"";"Murata Power Solutions Inc.";"580-OKI78SR12/1W36C";"OKI-78SR-12/1.0-W36-C";"";"";"";"";"";"";
