"Qty";"Value";"Device";"Package";"Parts";"Description";"CAPACITANCE";"COLOR";"DKPN";"FREQUENCY";"FUSE_TYPE";"MANUFACTURER";"MOPN";"MPN";"POWER";"RESISTANCE";"SIGNAL";"TEENSY";"TOLERANCE";"VOLTAGE";"VOLTAGE_CONTINUOUS";"VOLTAGE_MAX";"VOLUME";
"1";"BUZZER_3_PIN_CPT-3011C-120";"BUZZER_3_PIN_CPT-3011C-120";"CPT-3011C-120";"LS100";"3 Pin Buzzer";"";"";"102-3762-ND";"3kHz";"";"CUI Devices";"490-CPT-3011C-120 ";"CPT-3011C-120";"";"";"";"";"";"12V";"";"";"85dB";
"6";"CAPACITOR_0603_10V_0.1UF";"CAPACITOR_0603_10V_0.1UF";"0603-CAP";"C10, C11, C12, C16, C34, C38";"Capacitor, Non-Polarized";"0.1µF";"";"720-1688-1-ND";"";"";"Vishay Vitramon";"77-VJ0603Y104JXQPBC";"VJ0603Y104JXQPW1BC";"";"";"";"";"5%";"10V";"";"";"";
"1";"CAPACITOR_0603_10V_1UF";"CAPACITOR_0603_10V_1UF";"0603-CAP";"C39";"Capacitor, Non-Polarized";"1µF";"";"311-1796-1-ND";"";"";"Yageo";"603-CC603KRX7R6BB105";"CC0603KRX7R6BB105";"";"";"";"";"10%";"10V";"";"";"";
"1";"CAPACITOR_0603_10V_4.7NF";"CAPACITOR_0603_10V_4.7NF";"0603-CAP";"C25";"Capacitor, Non-Polarized";"4.7nF";"";"732-7931-1-ND";"";"";"Würth Elektronik";"710-885012206012";"885012206012";"";"";"";"";"10%";"10V";"";"";"";
"1";"CAPACITOR_0603_25V_0.1UF";"CAPACITOR_0603_25V_0.1UF";"0603-CAP";"C15";"Capacitor, Non-Polarized";"0.1µF";"";"1276-1006-1-ND";"";"";"Samsung Electro-Mechanics";"187-CL10B104KA8NNNC";"CL10B104KA8NNNC";"";"";"";"";"10%";"25V";"";"";"";
"1";"CAPACITOR_0603_25V_1.2NF";"CAPACITOR_0603_25V_1.2NF";"0603-CAP";"C17";"Capacitor, Non-Polarized";"1.2nF";"";"311-4079-2-ND";"";"";"YAGEO";"603-CC603KRX7R8BB122 ";"CC0603KRX7R8BB122";"";"";"";"";"10%";"25V";"";"";"";
"1";"CAPACITOR_0603_25V_10UF";"CAPACITOR_0603_25V_10UF";"0603-CAP";"C33";"Capacitor, Non-Polarized";"10µF";"";"490-7202-1-ND";"";"";"Murata Electronics";"81-GRM188R61E106MA3D";"GRM188R61E106MA73D";"";"";"";"";"20%";"25V";"";"";"";
"3";"CAPACITOR_0805_50V_10UF";"CAPACITOR_0805_50V_10UF";"0805-CAP";"C8, C24, C40";"Capacitor, Non-Polarized";"10uF";"";"490-18663-2-ND";"";"";"Murata";"81-GRM21BR61H106KE3L";" GRM21BR61H106KE43L";"";"";"";"";"10%";"50V";"";"";"";
"2";"CONNECTOR-6_μF_S_RA_";"CONNECTOR-6_μF_S_RA_";"MOLEX_MICROFIT_SMD_RIGHTANGLE_06_DUAL";"J4, J6";"6 Pin Connector";"";"";"WM1833CT-ND";"";"";"Molex";"538-43045-0611";"0430450611";"";"";"";"";"";"";"";"";"";
"1";"CONNECTOR-8_μF_S_RA_";"CONNECTOR-8_μF_S_RA_";"MOLEX_MICROFIT_SMD_RIGHTANGLE_08_DUAL";"J2";"8 Pin Connector";"";"";"WM1834CT-ND";"";"";"Molex";"538-43045-0811";"0430450811";"";"";"";"";"";"";"";"";"";
"1";"CONNECTOR-CAN_μF_S_RA_";"CONNECTOR-CAN_μF_S_RA_";"MOLEX_MICROFIT_SMD_RIGHTANGLE_04_DUAL";"J3";"HyTech CAN Connector";"";"";"WM1832CT-ND";"";"";"Molex";"538-43045-0411";"0430450411";"";"";"";"";"";"";"";"";"";
"1";"FUSE_HOLDER_MINIBLADESMD";"FUSE_HOLDER_MINIBLADESMD";"3588";"XF1";"Fuse Holder";"";"";"36-3588-ND";"";"MINI 297";"Keystone Electronics";"534-3588";"3588";"";"";"";"";"";"";"";"";"";
"1";"JUMPER_0603_";"JUMPER_0603_";"0603-RES";"JP1";"2 Pin Connector";"";"";"13-RC0603FR-130RLTR-ND";"";"";"YAGEO";"603-RC0603FR-130RL";"RC0603FR-130RL";"";"";"";"";"";"";"";"";"";
"1";"LED_0603_BLUE";"LED_0603_BLUE";"0603-LED";"5V";"LED";"";"Blue";"754-1789-1-ND";"";"";"Kingbright";"604-APT1608VBC/D";"APT1608VBC/D";"";"";"";"";"";"";"";"";"";
"1";"LED_0603_GREEN";"LED_0603_GREEN";"0603-LED";"3.3V";"LED";"";"Green";"754-1790-1-ND";"";"";"Kingbright";"604-APT1608ZGCK";"APT1608ZGCK";"";"";"";"";"";"";"";"";"";
"1";"LED_0603_ORANGE";"LED_0603_ORANGE";"0603-LED";"24V";"LED";"";"Orange";"754-1120-1-ND";"";"";"Kingbright";"604-APT1608SECK";"APT1608SECK";"";"";"";"";"";"";"";"";"";
"1";"LED_0603_RED";"LED_0603_RED";"0603-LED";"12V";"LED";"";"Red";"754-1786-1-ND";"";"";"Kingbright";"604-APT1608SECKJ3PRV";"APT1608SECK/J3-PRV";"";"";"";"";"";"";"";"";"";
"1";"LED_0603_YELLOW";"LED_0603_YELLOW";"0603-LED";"D1";"LED";"";"Yellow";"754-1788-1-ND";"";"";"Kingbright";"604-APT1608SYCK/J3-PRV";"APT1608SYCK/J3-PRV";"";"";"";"";"";"";"";"";"";
"1";"LED_7_SEGMENT_BLUE_DSM7TA";"LED_7_SEGMENT_BLUE_DSM7TA";"DSM7T";"D101";"Low-Profile 7-Segment Display";"";"Blue";"DSM7TA56106TTR-ND";"";"";"Visual Communications Company";"593-DSM7TA56106T ";"DSM7TA56106T";"";"";"";"";"";"";"";"";"";
"1";"MCP23S08";"MCP23S08";"SSOP-20";"U3";"IO Expander 8 Channel";"";"";"MCP23S08-E/SS-ND";"";"";"Microchip Technology";"579-MCP23S08-E/SS";"MCP23S08-E/SS";"";"";"";"";"";"";"";"";"";
"13";"NEOPIXEL";"NEOPIXEL";"NEOPIXEL";"U1, U2, U4, U6, U7, U8, U9, U10, U11, U12, U13, U14, U15";"IN-PI55QATPRPGPBPW-40";"";"";"1830-1210-2-ND";"";"";"Inolux";"743-I55QATPRPGPBPW40 ";"IN-PI55QATPRPGPBPW-40";"";"";"";"";"";"";"";"";"";
"1";"RE46C100";"RE46C100";"SOIC-08(NARROW,0.15")";"U5";"RE46C100 Piezoelectric Horn Driver IC";"";"";"RE46C100S8TFTR-ND";"";"";"Microchip Technology";"579-RE46C100S8TF ";" RE46C100S8TF";"";"";"";"";"";"";"";"";"";
"1";"RESISTOR_0603_1.5M";"RESISTOR_0603_1.5M";"0603-RES";"R13";"Resistor";"";"";"311-1.50MHRCT-ND";"";"";"Yageo";"603-RC0603FR-071M5L";"RC0603FR-071M5L";"0.1W";"1.5M";"";"";"1%";"";"75V";"75V";"";
"1";"RESISTOR_0603_10K";"RESISTOR_0603_10K";"0603-RES";"R11";"Resistor";"";"";"311-10.0KHRCT-ND";"";"";"Yageo";"603-RC0603FR-0710KL";"RC0603FR-0710KL";"0.1W";"10k";"";"";"1%";"";"31.62V";"75V";"";
"1";"RESISTOR_0603_150K";"RESISTOR_0603_150K";"0603-RES";"R9";"Resistor";"";"";"P150KDBCT-ND";"";"";"Panasonic Electronic Components";"667-ERA-3AEB154V";"ERA-3AEB154V";"0.1W";"150k";"";"";"1%";"";"75V";"75V";"";
"4";"RESISTOR_0603_1K";"RESISTOR_0603_1K";"0603-RES";"R1, R2, R6, R10";"Resistor";"";"";"1712-CPF-A-0603B1K0ETR-ND";"";"";"TE Connectivity Passive Product";"279-CPF-A-0603B1K0E";" CPF-A-0603B1K0E";"0.0625W";"1k";"";"";"0.1%";"";"7.9V";"50V";"";
"1";"RESISTOR_0603_3.3K";"RESISTOR_0603_3.3K";"0603-RES";"R83";"Resistor";"";"";"P20340TR-ND";"";"";"Panasonic Electronic Components";"667-ERJ-PB3D3301V";"ERJ-PB3D3301V";"0.2W";"3.3k";"";"";"0.5%";"";"25.69V";"150";"";
"3";"RESISTOR_0603_41.2K";"RESISTOR_0603_41.2K";"0603-RES";"R3, R4, R5";"Resistor";"";"";"P20155CT-ND";"";"";"Panasonic Electronic Components";"667-ERJ-PB3B4122V";" ERJ-PB3B4122V";"0.2W";"41.2k";"";"";"0.1%";"";"150V";"200V";"";
"3";"RESISTOR_0603_5.1K";"RESISTOR_0603_5.1K";"0603-RES";"R8, R12, R14";"Resistor";"";"";"311-5.10KHRTR-ND";"";"";"Yageo";"603-RC0603FR-075K1L ";"RC0603FR-075K1L";"0.1W";"5.1k";"";"";"1%";"";"22.58V";"75V";"";
"2";"RESISTOR_0603_60.4";"RESISTOR_0603_60.4";"0603-RES";"R36, R60";"Resistor";"";"";"311-60.4HRCT-ND";"";"";"Yageo";"603-RC0603FR-0760R4L";"RC0603FR-0760R4L";"0.1W";"60.4";"";"";"1%";"";"2.48V";"75V";"";
"2";"RESISTOR_NETWORK_4_160";"RESISTOR_NETWORK_4_160";"1206-RES-ARRAY";"RN2, RN4";"Resistor Network, 4 Elements";"";"";"YC164J-160CT-ND";"";"";"Yageo";"603-YC164-JR-07160RL";"YC164-JR-07160RL";"1/16W";"160";"";"";"5%";"50V";"";"";"";
"1";"TCAN1051HQV-Q1";"TCAN1051HQV-Q1";"SOIC-08(NARROW,0.15")";"U27";"TCAN1051*V Can Tranciever";"";"";"296-49935-1-ND";"";"";"Texas Instruments";"595-TCAN1051HGVDQ1";"TCAN1051HGVDRQ1";"";"";"";"";"";"";"";"";"";
"1";"TEENSY_4.0SM";"TEENSY_4.0SM";"TEENSY_SHORT_SSM";"A2";"Teensy 4.0";"";"";"";"";"";"";"";"";"";"";"";"4.0";"";"";"";"";"";
"1";"TEST_POINT";"TEST_POINT";"5015";"TP_3.3V";"Test Point for Probing";"";"";"36-5015CT-ND";"";"";"Keystone Electronics";"534-5015";"5015";"";"";"+3V3";"";"";"";"";"";"";
"1";"TEST_POINT";"TEST_POINT";"5015";"TP_5V";"Test Point for Probing";"";"";"36-5015CT-ND";"";"";"Keystone Electronics";"534-5015";"5015";"";"";"+5V";"";"";"";"";"";"";
"2";"TEST_POINT";"TEST_POINT";"5015";"TP_12V, TP_24V";"Test Point for Probing";"";"";"36-5015CT-ND";"";"";"Keystone Electronics";"534-5015";"5015";"";"";"+12V";"";"";"";"";"";"";
"3";"TEST_POINT";"TEST_POINT";"5015";"TP2, TP3, TP4";"Test Point for Probing";"";"";"36-5015CT-ND";"";"";"Keystone Electronics";"534-5015";"5015";"";"";"";"";"";"";"";"";"";
"1";"TEST_POINT";"TEST_POINT";"5015";"TP_GND";"Test Point for Probing";"";"";"36-5015CT-ND";"";"";"Keystone Electronics";"534-5015";"5015";"";"";"GND";"";"";"";"";"";"";
"4";"TVS_30VDO-214AA";"TVS_30VDO-214AA";"DO-214AA";"D3, D4, D5, D6";"TVS Diode";"";"";"118-1.5SMBJ30ATR-ND";"";"";"Bourns Inc.";"652-1.5SMBJ30A";" 1.5SMBJ30A";"";"";"";"";"";"30V";"";"";"";
"1";"VOLTAGE_REGULATOR_MODULE_OKI-78SR_12V";"VOLTAGE_REGULATOR_MODULE_OKI-78SR_12V";"OKI-78SR";"A4";"Voltage Regulator Modules";"";"";"811-3293-ND";"";"";"Murata Power Solutions Inc.";"580-OKI78SR12/1W36C";"OKI-78SR-12/1.0-W36-C";"";"";"";"";"";"";"";"";"";
"1";"VOLTAGE_REGULATOR_MODULE_OKI-78SR_5V";"VOLTAGE_REGULATOR_MODULE_OKI-78SR_5V";"OKI-78SR";"A3";"Voltage Regulator Modules";"";"";"811-2196-5-ND";"";"";"Murata Power Solutions Inc.";"580-OKI78SR5/1.5W36C";"OKI-78SR-5/1.5-W36-C";"";"";"";"";"";"";"";"";"";
