"Qty";"Value";"Device";"Package";"Parts";"Description";"CURRENT";"DKPN";"MANUFACTURER";"MOPN";"MPN";"POWER";"RESISTANCE";"TOLERANCE";"VOLTAGE";"VOLTAGE_CONTINUOUS";"VOLTAGE_MAX";
"2";"CONNECTOR-2_MICROFIT_SMD_RIGHTANGLE_02_SINGLE_BLACK";"CONNECTOR-2_MICROFIT_SMD_RIGHTANGLE_02_SINGLE_BLACK";"MOLEX_MICROFIT_SMD_RIGHTANGLE_02_SINGLE";"J100, J101";"2 Pin Connector";"";"WM14310CT-ND";"Molex";"538-43650-0214";"0436500214";"";"";"";"";"";"";
"1";"RELAY_SPST_NC_POLARIZED_D_24";"RELAY_SPST_NC_POLARIZED_D_24";"D";"K1";"Single Pole, Single Throw Normally Closed Polarized Relay";"";"725-1050-ND";"Sensata-Cynergy3";"285-DBR72410";"DBR72410";"";"";"";"";"";"";
"3";"RESISTOR_B20-SHORTENED_15K";"RESISTOR_B20-SHORTENED_15K";"B20-SHORTENED";"R1, R2, R3";"Resistor";"";"B20J15KE-ND";"Ohmite";"588-B20J15KE";"B20J15KE";"20W";"15K";"5%";"";"548V";"750V";
"1";"SCHOTTKY_SOD323_60V";"SCHOTTKY_SOD323_60V";"SOD-323";"D100";"CUS08F30 Shottky Diode";"1A";"3757-MBR1060HEWS_R1_00001TR-ND";"Panjit International Inc.";"241-MBR1060HEWSR1000";"MBR1060HEWS_R1_00001";"";"";"";"60V";"";"";
